{"cameraMode":{"drawMode":0,"name":"Shaded","section":"Shading Mode"},"sceneLighting":false,"audioPlay":false,"sceneViewState":{"showFog":false,"showMaterialUpdate":false,"showSkybox":false,"showFlares":false,"showImageEffects":false,"showParticleSystems":false},"in2DMode":false,"pivot":{"x":-0.0554642453789711,"y":0.587701141834259,"z":-0.5543292164802551},"rotation":{"x":-0.027243055403232576,"y":0.8464294672012329,"z":-0.04345344007015228,"w":-0.5300923585891724},"size":1.4484343528747559,"orthographic":false}