{"cameraMode":{"drawMode":0,"name":"Shaded","section":"Shading Mode"},"sceneLighting":true,"audioPlay":false,"sceneViewState":{"showFog":false,"showMaterialUpdate":false,"showSkybox":false,"showFlares":false,"showImageEffects":false,"showParticleSystems":false},"in2DMode":false,"pivot":{"x":54.65024948120117,"y":-50.5986328125,"z":24.577051162719728},"rotation":{"x":0.30853304266929629,"y":0.49817192554473879,"z":-0.1953871250152588,"w":0.7865316271781921},"size":85.51661682128906,"orthographic":false}