{"cameraMode":{"drawMode":0,"name":"Shaded","section":"Shading Mode"},"sceneLighting":false,"audioPlay":false,"sceneViewState":{"showFog":false,"showMaterialUpdate":false,"showSkybox":false,"showFlares":false,"showImageEffects":false,"showParticleSystems":false},"in2DMode":false,"pivot":{"x":12.58499526977539,"y":15.007099151611329,"z":-0.22874011099338532},"rotation":{"x":-0.34305113554000857,"y":0.4000372588634491,"z":-0.16460782289505006,"w":-0.8338589072227478},"size":24.97528839111328,"orthographic":false}