{"cameraMode":{"drawMode":0,"name":"Shaded","section":"Shading Mode"},"sceneLighting":false,"audioPlay":false,"sceneViewState":{"showFog":false,"showMaterialUpdate":false,"showSkybox":false,"showFlares":false,"showImageEffects":false,"showParticleSystems":false},"in2DMode":false,"pivot":{"x":-8.421910285949707,"y":-6.922112464904785,"z":6.474512577056885},"rotation":{"x":-0.17770156264305116,"y":0.6553502082824707,"z":-0.16267357766628266,"w":-0.7158793807029724},"size":70.13037109375,"orthographic":false}