{"cameraMode":{"drawMode":0,"name":"Shaded","section":"Shading Mode"},"sceneLighting":false,"audioPlay":false,"sceneViewState":{"showFog":false,"showMaterialUpdate":false,"showSkybox":false,"showFlares":false,"showImageEffects":false,"showParticleSystems":false},"in2DMode":false,"pivot":{"x":-5.352216720581055,"y":0.26569628715515139,"z":-0.9528911709785461},"rotation":{"x":0.06952760368585587,"y":-0.7193945050239563,"z":0.072763592004776,"w":0.6873257756233215},"size":7.315481185913086,"orthographic":false}