{"cameraMode":{"drawMode":0,"name":"Shaded","section":"Shading Mode"},"sceneLighting":false,"audioPlay":false,"sceneViewState":{"showFog":false,"showMaterialUpdate":false,"showSkybox":false,"showFlares":false,"showImageEffects":false,"showParticleSystems":false},"in2DMode":false,"pivot":{"x":8.682119369506836,"y":6.501884460449219,"z":1.8639531135559083},"rotation":{"x":0.14114363491535188,"y":-0.6222231388092041,"z":0.11535344272851944,"w":0.761329174041748},"size":24.751937866210939,"orthographic":false}