{"cameraMode":{"drawMode":0,"name":"Shaded","section":"Shading Mode"},"sceneLighting":false,"audioPlay":false,"sceneViewState":{"showFog":false,"showMaterialUpdate":false,"showSkybox":false,"showFlares":false,"showImageEffects":false,"showParticleSystems":false},"in2DMode":false,"pivot":{"x":1.0268303155899048,"y":0.4429967403411865,"z":-1.0796469449996949},"rotation":{"x":-0.09603781253099442,"y":0.850609540939331,"z":-0.16694967448711396,"w":-0.4893029034137726},"size":1.74843430519104,"orthographic":false}