{"cameraMode":{"drawMode":0,"name":"Shaded","section":"Shading Mode"},"sceneLighting":false,"audioPlay":false,"sceneViewState":{"showFog":false,"showMaterialUpdate":false,"showSkybox":false,"showFlares":false,"showImageEffects":false,"showParticleSystems":false},"in2DMode":false,"pivot":{"x":41.3822135925293,"y":-63.183433532714847,"z":25.649856567382814},"rotation":{"x":0.5041413903236389,"y":0.009557368233799935,"z":-0.00501403771340847,"w":0.8637601137161255},"size":128.81857299804688,"orthographic":false}