{"cameraMode":{"drawMode":0,"name":"Shaded","section":"Shading Mode"},"sceneLighting":false,"audioPlay":false,"sceneViewState":{"showFog":true,"showMaterialUpdate":false,"showSkybox":false,"showFlares":true,"showImageEffects":true,"showParticleSystems":true},"in2DMode":false,"pivot":{"x":-0.48309600353240969,"y":-1.6028109788894654,"z":-3.731104612350464},"rotation":{"x":-0.03309479355812073,"y":0.9668591022491455,"z":-0.1837511956691742,"w":-0.17413969337940217},"size":11.431534767150879,"orthographic":false}