{"cameraMode":{"drawMode":0,"name":"Shaded","section":"Shading Mode"},"sceneLighting":false,"audioPlay":false,"sceneViewState":{"showFog":true,"showMaterialUpdate":false,"showSkybox":false,"showFlares":true,"showImageEffects":true,"showParticleSystems":true},"in2DMode":false,"pivot":{"x":18.639846801757814,"y":13.344491004943848,"z":-9.72605037689209},"rotation":{"x":-0.26544618606567385,"y":-0.4450603723526001,"z":0.14002296328544618,"w":-0.8437194228172302},"size":6.757885456085205,"orthographic":false}