{"cameraMode":{"drawMode":0,"name":"Shaded","section":"Shading Mode"},"sceneLighting":true,"audioPlay":false,"sceneViewState":{"showFog":true,"showMaterialUpdate":false,"showSkybox":true,"showFlares":true,"showImageEffects":true,"showParticleSystems":true},"in2DMode":false,"pivot":{"x":54.18876266479492,"y":-221.84521484375,"z":90.55996704101563},"rotation":{"x":-0.44293633103370669,"y":0.10500987619161606,"z":-0.052329517900943759,"w":-0.888843834400177},"size":442.9869689941406,"orthographic":false}