{"cameraMode":{"drawMode":0,"name":"Shaded","section":"Shading Mode"},"sceneLighting":false,"audioPlay":false,"sceneViewState":{"showFog":true,"showMaterialUpdate":false,"showSkybox":false,"showFlares":true,"showImageEffects":true,"showParticleSystems":true},"in2DMode":false,"pivot":{"x":0.33000001311302187,"y":4.443999767303467,"z":1.7899999618530274},"rotation":{"x":-0.05388035625219345,"y":0.8056821823120117,"z":-0.07417769730091095,"w":-0.5852150917053223},"size":0.5472432374954224,"orthographic":false}