{"cameraMode":{"drawMode":0,"name":"Shaded","section":"Shading Mode"},"sceneLighting":true,"audioPlay":false,"sceneViewState":{"showFog":true,"showMaterialUpdate":false,"showSkybox":true,"showFlares":true,"showImageEffects":true,"showParticleSystems":true},"in2DMode":false,"pivot":{"x":10.593711853027344,"y":-2.68833065032959,"z":14.869718551635743},"rotation":{"x":-0.18575699627399445,"y":0.23102906346321107,"z":-0.04498504102230072,"w":-0.9539894461631775},"size":44.45720672607422,"orthographic":false}